Date,Open,High,Low,Close,Volume
2/23/2016,51,51,50.110001,50.419998,9358700
2/24/2016,50,51.66,49.73,51.52,10966600
2/25/2016,51.5,51.790001,50.900002,51.639999,8321600
2/26/2016,52,52,51.220001,51.619999,9528400
2/29/2016,51.169998,51.529999,50.709999,50.790001,12127300
3/1/2016,51.080002,52.110001,51.060001,52.110001,11977400
3/2/2016,52.389999,52.98,52.240002,52.849998,15664800
3/3/2016,52.450001,52.810001,51.860001,52.380001,12359800
3/4/2016,52.330002,52.900002,51.900002,52.66,12770300
3/7/2016,52.439999,53.52,52.360001,53.299999,10171500
3/8/2016,52.889999,53.209999,51.98,52.459999,11684300
3/9/2016,52.41,52.52,51.740002,51.950001,13964500
3/10/2016,51.91,52.369999,51.169998,52.02,9519100
3/11/2016,52.59,52.639999,51.889999,52.220001,11404300
3/14/2016,52.240002,52.41,51.740002,52.09,7407200
3/15/2016,51.75,51.830002,50.98,51.630001,12887600
3/16/2016,51.630001,51.630001,50.91,51.299999,21052300
3/17/2016,51.150002,51.689999,51.119999,51.380001,10190400
3/18/2016,51.689999,51.869999,51.23,51.59,28991500
3/21/2016,51.599998,52.349998,51.509998,52.209999,11796500
3/22/2016,51.84,52.32,51.790001,52.02,6623200
3/23/2016,52.119999,52.16,50.810001,50.990002,9194600
3/24/2016,50.630001,50.900002,50.130001,50.860001,7527300
3/28/2016,50.43,50.610001,49.950001,50.189999,9065200
3/29/2016,50,50.939999,49.669998,50.689999,9564000
3/30/2016,51.169998,51.650002,50.73,50.990002,7142800
3/31/2016,50.869999,51.43,50.830002,51.139999,7315800
4/1/2016,51.080002,51.110001,50.009998,50.880001,9379800
4/4/2016,50.810001,51.110001,50.509998,50.650002,6289600
4/5/2016,50.439999,50.529999,50,50.07,6863300
4/6/2016,50.139999,50.73,49.73,50.619999,7432200
4/7/2016,50.400002,50.450001,49.77,50.029999,7532200
4/8/2016,50.369999,51.150002,50.25,50.560001,5584800
4/11/2016,50.860001,51.580002,50.860001,51,8637200
4/12/2016,51.049999,51.099998,50.200001,50.82,6076700
4/13/2016,51.299999,52.439999,51.150002,51.919998,13813500
4/14/2016,51.849998,51.889999,51.240002,51.82,7915000
4/15/2016,51.93,51.990002,51.029999,51.060001,10143300
4/18/2016,51.09,51.73,50.939999,51.549999,7666800
4/19/2016,51.73,51.93,51.299999,51.830002,9306400
4/20/2016,51.93,52.540001,51.810001,52.09,11216900
4/21/2016,51.299999,51.799999,50.740002,51.669998,16728600
4/22/2016,51.709999,53.09,51.68,52.639999,14029800
4/25/2016,52.599998,52.720001,52.029999,52.43,6941200
4/26/2016,52.540001,52.959999,52.450001,52.91,7600100
4/27/2016,52.029999,53.130001,52.009998,52.900002,8256600
4/28/2016,52.48,53.279999,52.040001,52.130001,7795000
4/29/2016,51.830002,52,50.110001,50.52,11437400
5/2/2016,50.689999,51.169998,50.130001,51.110001,7123500
5/3/2016,50.669998,50.919998,50.189999,50.73,7848600
5/4/2016,50.189999,50.880001,50.150002,50.490002,11981800
5/5/2016,50.740002,51.27,50.43,51.130001,10189100
5/6/2016,50.650002,51.119999,50.380001,50.919998,9434500
5/9/2016,51,51.599998,50.790001,51.200001,7173600
5/10/2016,51.259998,52.23,50.970001,52.150002,8186000
5/11/2016,51.830002,52.529999,51.689999,52.150002,8324100
5/12/2016,52.330002,52.529999,51.360001,51.509998,9516000
5/13/2016,51.459999,52.080002,51.110001,51.32,6975100
5/16/2016,51.32,52.169998,51.119999,51.91,6823600
5/17/2016,51.740002,52.279999,51.5,51.990002,9386200
5/18/2016,52.07,53.34,52,52.790001,10519100
5/19/2016,52.709999,53.080002,52.259998,52.759998,8614000
5/20/2016,52.970001,54.580002,52.869999,54.52,14003600
5/23/2016,54.200001,54.860001,54.150002,54.18,9659600
5/24/2016,54.419998,55.619999,54.400002,55.59,13097700
5/25/2016,55.700001,56.27,55.689999,55.98,9266500
5/26/2016,55.970001,56.139999,55.509998,55.740002,6820500
5/27/2016,55.330002,55.389999,55.02,55.27,5918200
5/31/2016,55.389999,55.43,54.82,54.919998,15093400
6/1/2016,54.5,54.970001,54.450001,54.790001,12156800
6/2/2016,54.650002,54.919998,54.290001,54.880001,9026900
6/3/2016,54.990002,55.009998,54.470001,54.939999,10008100
6/6/2016,54.98,55.369999,54.66,54.889999,7905100
6/7/2016,54.939999,55.18,54.669998,54.84,5400200
6/8/2016,54.73,55.049999,54.669998,54.939999,6314800
6/9/2016,54.400002,55.040001,54.189999,54.98,8726200
6/10/2016,54.459999,54.75,53.400002,53.830002,15791600
6/13/2016,53.599998,53.900002,52.740002,52.830002,12128900
6/14/2016,52.66,53.25,52.470001,52.700001,8887300
6/15/2016,53.049999,53.560001,52.669998,53.279999,8832400
6/16/2016,52.970001,53.470001,52.48,53.419998,5907500
6/17/2016,53.73,53.82,53.099998,53.549999,14548800
6/20/2016,54.169998,54.66,53.860001,53.889999,8680800
6/21/2016,54.25,54.25,53.599998,53.880001,6431700
6/22/2016,53.900002,54.970001,53.900002,54.040001,8481600
6/23/2016,54.849998,55.57,54.57,55.549999,8952200
6/24/2016,53.009998,53.82,52.119999,52.119999,17018500
6/27/2016,52.290001,52.290001,50.84,51.139999,11642700
6/28/2016,51.700001,52.560001,51.529999,52.509998,7470400
6/29/2016,53.060001,53.84,52.75,53.549999,7126900
6/30/2016,52.900002,53.57,52.459999,53.57,9254400
7/1/2016,52.990002,53.389999,52.84,53,6385000
7/5/2016,52.950001,52.970001,51.889999,51.939999,10626200
7/6/2016,51.57,52.529999,51.16,52.369999,7740700
7/7/2016,52.580002,53.380001,52.41,52.93,5763300
7/8/2016,53.490002,54.330002,53.32,54.189999,6853900
7/11/2016,53.959999,54.709999,53.939999,54.119999,6941600
7/12/2016,54.450001,54.740002,54.209999,54.619999,7413700
7/13/2016,54.91,55,54.630001,54.830002,5676400
7/14/2016,55.189999,55.369999,54.560001,54.880001,6601500
7/15/2016,54.860001,54.860001,54.169998,54.75,10236900
7/18/2016,55.139999,55.650002,54.98,55.349998,9225900
7/19/2016,55.73,55.900002,54.950001,55.139999,8164200
7/20/2016,55.360001,55.950001,55.040001,55.82,17204300
7/21/2016,59.799999,60.470001,59.130001,59.93,33912300
7/22/2016,60.209999,61.18,59.830002,61.150002,12505700
7/25/2016,60.959999,60.970001,60.150002,60.73,9166200
7/26/2016,61,61.5,60.77,61.349998,11272600
7/27/2016,61.82,62.66,61.650002,62.509998,13244400
7/28/2016,62.439999,62.790001,62.169998,62.43,8514200
7/29/2016,62.599998,62.82,62.240002,62.580002,8291000
8/1/2016,62.369999,62.400002,61.580002,61.849998,14606200
8/2/2016,61.740002,61.950001,60.02,60.599998,14732800
8/3/2016,60.59,61.110001,60.5,61.009998,6448200
8/4/2016,61.110001,61.23,60.73,60.98,5163800
8/5/2016,61.52,62.110001,61.27,62,8320700
8/8/2016,62.049999,62.189999,61.369999,61.580002,8410600
8/9/2016,61.91,62.439999,61.830002,61.990002,5350300
8/10/2016,62,62.16,61.439999,61.709999,3836200
8/11/2016,61.889999,62.16,61.669998,61.740002,4986500
8/12/2016,61.540001,61.990002,61.279999,61.709999,4947700
8/15/2016,61.799999,62.490002,61.799999,62.43,6499000
8/16/2016,62.080002,62.5,61.759998,62.07,7650600
8/17/2016,62.220001,62.400002,61.790001,62.279999,6812400
8/18/2016,62.349998,63.040001,62.18,63.040001,7935900
8/19/2016,62.610001,62.84,62.009998,62.759998,7093000
8/22/2016,62.700001,62.869999,62.349998,62.830002,5720900
8/23/2016,63,63.689999,62.830002,63.09,5970600
8/24/2016,62.919998,63.240002,62.470001,62.610001,6902400
8/25/2016,62.669998,62.959999,62.580002,62.639999,4916700
8/26/2016,62.889999,63.509998,62.650002,62.970001,7255600
8/29/2016,62.419998,63.09,62.369999,62.98,5148500
8/30/2016,63,63.509998,62.709999,62.939999,5047600
8/31/2016,62.98,63.119999,62.529999,63.07,6516600
9/1/2016,62.869999,63.5,62.509998,63.470001,6906300
9/2/2016,63.529999,63.700001,63.09,63.349998,6325900
9/6/2016,63.119999,63.389999,62.880001,63.09,5603000
9/7/2016,63.189999,63.25,62.32,62.43,6281600
9/8/2016,62.029999,62.810001,62.009998,62.689999,7658500
9/9/2016,62.009998,62.290001,60.5,60.52,10625600
9/12/2016,60.23,62.27,59.93,62.25,10158600
9/13/2016,61.82,62.200001,60.939999,61.290001,8397100
9/14/2016,61.290001,61.950001,61.040001,61.59,5982400
9/15/2016,61.950001,62.669998,61.549999,62.540001,8871200
9/16/2016,62.880001,63.439999,62.369999,62.990002,14677700
9/19/2016,63.130001,63.389999,62.759998,62.860001,6732200
9/20/2016,63.27,63.299999,62.529999,62.700001,5471400
9/21/2016,63.099998,63.639999,62.91,63.57,7488600
9/22/2016,63.709999,64,63.360001,63.52,7895700
9/23/2016,63,63.57,62.669998,62.75,7794700
9/26/2016,62.490002,62.560001,61.860001,62.310001,6207400
9/27/2016,62.529999,63.360001,62.439999,63.310001,5228300
9/28/2016,63.23,63.689999,63,63.450001,5251900
9/29/2016,63.279999,68.830002,62.709999,67.449997,43098800
9/30/2016,68.400002,70.400002,68.150002,68.5,34879500
10/3/2016,68.080002,69.279999,66.870003,67.110001,10153600
10/4/2016,67.699997,67.699997,66.559998,66.68,9746400
10/5/2016,66.839996,67.419998,66.550003,66.839996,6362000
10/6/2016,66.800003,69.32,66.230003,67.540001,12957200
10/7/2016,67.529999,68.330002,67.489998,68.190002,8398100
10/10/2016,68.339996,68.580002,67.059998,67.25,7029800
10/11/2016,67,67.089996,65.449997,66.089996,8910600
10/12/2016,66.489998,66.489998,65.059998,66.059998,6615700
10/13/2016,65.550003,66.059998,64.300003,65.699997,7236600
10/14/2016,65.940002,66.589996,65.449997,65.699997,6743100
10/17/2016,65.529999,65.709999,65.089996,65.190002,6348200
10/18/2016,66.18,66.220001,65.57,66.099998,5913600
10/19/2016,65.879997,66.07,65.309998,65.790001,5414700
10/20/2016,65.480003,68.169998,65.480003,67.339996,13579000
10/21/2016,67.110001,69.440002,66.699997,67.93,19676600
10/24/2016,68.400002,68.449997,67.480003,68.059998,6669600
10/25/2016,67.900002,68.25,67.480003,67.709999,5370000
10/26/2016,67.309998,68.620003,67.25,68.199997,9241200
10/27/2016,70.800003,71.620003,70,70.089996,33941700
10/28/2016,70.519997,70.529999,67.660004,68.400002,17952700
10/31/2016,69,69.510002,68.68,68.720001,10108300
11/1/2016,69,69.349998,67.540001,68.339996,8910100
11/2/2016,68.459999,68.599998,67.029999,67.089996,15183000
11/3/2016,67.690002,68.57,65.93,66.949997,15642500
11/4/2016,65.739998,67.410004,65.739998,66.730003,8584300
11/7/2016,67.720001,68.580002,67.389999,68.459999,9205300
11/8/2016,68.220001,68.709999,67.629997,68.269997,6620500
11/9/2016,66.629997,68.089996,66.25,67.879997,11604400
11/10/2016,67.809998,68.209999,64.32,66.309998,17774400
11/11/2016,65.870003,67,65.839996,66.879997,10239800
11/14/2016,67.419998,67.419998,65.93,65.93,8149200
11/15/2016,66.260002,67.160004,65.949997,66.769997,9615200
11/16/2016,66.709999,66.709999,65.650002,66.300003,9485900
11/17/2016,66.440002,66.769997,66.160004,66.669998,6982500
11/18/2016,66.68,67.459999,65.940002,67.309998,9889300
11/21/2016,66.860001,67.199997,66.150002,67.099998,7868900
11/22/2016,67.57,68.599998,67.040001,68.309998,9803600
11/23/2016,68.330002,68.5,67.75,68.129997,4819300
11/25/2016,68.160004,68.419998,67.709999,68.290001,4200100
11/28/2016,67.419998,67.699997,66.800003,67.099998,8225200
11/29/2016,67.230003,67.540001,66.629997,66.769997,6544900
11/30/2016,66.800003,68.309998,66.5,68.129997,12470000
12/1/2016,67.720001,67.919998,63.779999,64.160004,16563900
12/2/2016,63.950001,66.330002,63.950001,65.839996,9687000
12/5/2016,66.379997,66.940002,65.690002,66.360001,8708200
12/6/2016,66.650002,67.480003,66.5,67.449997,6701800
12/7/2016,67.349998,68.339996,66.959999,68.339996,7202700
12/8/2016,68.419998,69.18,68.370003,68.550003,5552600
12/9/2016,68.610001,68.889999,67.800003,68.519997,5551800
12/12/2016,68.370003,68.650002,67.919998,68.470001,5615200
12/13/2016,68.720001,70.239998,68.489998,69.339996,8494200
12/14/2016,68.639999,69.18,67.349998,67.559998,9957700
12/15/2016,68.099998,68.769997,67.309998,68.029999,7162400
12/16/2016,68.489998,68.489998,66.300003,66.459999,17631800
12/19/2016,66.790001,67.43,66.639999,67.019997,7884700
12/20/2016,67.379997,67.559998,66.769997,66.910004,6685400
12/21/2016,67.07,67.349998,66.82,67.160004,5211400
12/22/2016,67.639999,67.75,66.459999,66.760002,5900200
12/23/2016,66.889999,66.940002,66.519997,66.860001,3039900
12/27/2016,67.139999,67.580002,67.059998,67.25,3028200
12/28/2016,66.650002,67.07,65.699997,65.75,6547200
12/29/2016,65.5,66.080002,65.419998,66.040001,3695400
12/30/2016,66.25,66.349998,65.040001,65.199997,5941900
1/3/2017,65.860001,66.139999,64.599998,65.400002,9519800
1/4/2017,65.669998,65.949997,65.260002,65.470001,6221700
1/5/2017,65.220001,65.980003,65.050003,65.550003,5998900
1/6/2017,65.480003,65.870003,64.860001,65.529999,6749400
1/9/2017,65.529999,66.269997,65.489998,65.650002,4702100
1/10/2017,65.949997,66.160004,65.57,65.629997,6076000
1/11/2017,65.75,66.110001,65.419998,66.099998,8349800
1/12/2017,65.349998,66.18,65.050003,66.120003,6113600
1/13/2017,66.25,67.080002,66.160004,66.879997,6177400
1/17/2017,66.709999,66.970001,63.150002,64.190002,22338800
1/18/2017,64.669998,66.089996,63.810001,65.129997,15883200
1/19/2017,64.970001,65.400002,64.360001,64.440002,9429200
1/20/2017,65.190002,65.739998,62.619999,62.880001,20936900
1/23/2017,58.669998,58.669998,53.77,54.880001,94436000
1/24/2017,55.02,55.77,54.700001,55,41751800
1/25/2017,56.099998,56.98,55.5,56.900002,27307900
1/26/2017,55.349998,55.490002,53.5,54.049999,37888200
1/27/2017,54.650002,54.759998,54,54.240002,23474400
1/30/2017,54.389999,54.400002,53.549999,53.610001,14853900
1/31/2017,53.610001,53.639999,52.830002,53.43,13995400
2/1/2017,53.639999,53.82,52.860001,53.150002,16102100
2/2/2017,52.950001,53.099998,52.369999,52.66,14481200
2/3/2017,52.950001,53.220001,52.75,52.98,10965300
2/6/2017,53.310001,53.41,52.82,52.880001,8215100
2/7/2017,53.220001,53.279999,52.759998,53.27,10374100
2/8/2017,53.389999,53.389999,52.720001,52.889999,9229000
2/9/2017,52.91,53.099998,52.759998,52.880001,7615100
2/10/2017,53.099998,54.279999,52.93,54,14042200
2/13/2017,54.580002,55.130001,54.259998,54.93,14516200
2/14/2017,55.43,55.52,54.82,55.48,13061700
2/15/2017,55.630001,56.5,55.490002,56.490002,14149200
2/16/2017,56.580002,56.900002,56.450001,56.880001,11622900
2/17/2017,56.849998,56.939999,56.049999,56.459999,12456600
2/21/2017,56.830002,57.189999,56.580002,56.75,9878200
2/22/2017,56.779999,57.099998,56.48,57.099998,8711500
2/23/2017,57.009998,57.310001,56.77,57.139999,10152800
2/24/2017,57.02,57.23,56.5,57.220001,10644800
2/27/2017,56.560001,56.98,56.310001,56.73,7127600
2/28/2017,56.490002,56.52,55.889999,56.48,10388200
3/1/2017,56.93,57.080002,56.27,57.009998,11082400
3/2/2017,56.950001,57.150002,56.240002,56.369999,8451700
3/3/2017,56.52,56.57,56,56.439999,6971400
3/6/2017,56.27,56.560001,56.07,56.450001,7241600
3/7/2017,56.599998,56.82,56.189999,56.73,7131700
3/8/2017,56.919998,58.080002,56.799999,57.77,13201700
3/9/2017,57.650002,58.099998,57.400002,57.970001,9875600
3/10/2017,58.360001,58.790001,58.299999,58.639999,9752000
3/13/2017,59.029999,59.040001,58.200001,58.459999,7737900
3/14/2017,58.380001,58.380001,57.720001,58.220001,6276900
3/15/2017,58.419998,58.75,58.18,58.52,9029500
3/16/2017,58.299999,58.73,58.16,58.349998,7206200
3/17/2017,58.57,58.610001,57.509998,57.549999,20057800
3/20/2017,57.790001,58.07,57.59,57.810001,7498200
3/21/2017,57.93,58.099998,56.740002,56.799999,10092600
3/22/2017,56.73,57.130001,56.099998,57.040001,9129700
3/23/2017,57.16,57.27,56.59,56.810001,7718700
3/24/2017,57.470001,57.470001,56.639999,56.919998,5621400
3/27/2017,56.720001,56.939999,56.48,56.66,4726300
3/28/2017,56.669998,57.610001,56.669998,57.380001,5953500
3/29/2017,57.09,57.369999,56.860001,57.360001,4042600
3/30/2017,57.360001,57.650002,57.189999,57.200001,6359000
3/31/2017,57.459999,57.689999,56.970001,57.34,10065000
4/3/2017,57.259998,57.34,56.040001,56.5,11343500
4/4/2017,56.299999,56.91,56.25,56.68,7123900
4/5/2017,56.799999,57.529999,56.419998,56.470001,7857700
4/6/2017,56.439999,56.73,56.139999,56.529999,5757800
4/7/2017,56.580002,56.599998,56.189999,56.32,5229800
4/10/2017,56.43,56.810001,56.27,56.52,6039800
4/11/2017,56.32,56.360001,54.720001,55.349998,17301800
4/12/2017,54.639999,54.650002,53.119999,53.389999,24822200
4/13/2017,53.130001,53.68,52.779999,52.790001,17014400
4/17/2017,52.990002,53.130001,52.75,52.889999,10471700
4/18/2017,52.599998,52.98,52.389999,52.669998,11262800
4/19/2017,53,53.099998,52.299999,52.610001,15441500
4/20/2017,53.220001,53.400002,51.400002,52.66,24664600
4/21/2017,52.77,52.799999,52.209999,52.5,10951500
4/24/2017,53.009998,53.25,52.75,52.810001,10784400
4/25/2017,53.169998,53.490002,52.959999,53,11688700
4/26/2017,53.200001,53.299999,52.91,53.040001,7373800
4/27/2017,53.240002,53.34,52.91,53.209999,6956200
4/28/2017,51.799999,53.950001,51.049999,53.740002,34362500
5/1/2017,53.650002,53.700001,53.099998,53.599998,12987700
5/2/2017,53.650002,53.73,52.900002,53.290001,10445400
5/3/2017,53.41,54.77,53.25,54.490002,18428300
5/4/2017,54.73,55,54.5,54.91,11993400
5/5/2017,54.93,55,54.700001,54.93,9108800
5/8/2017,54.990002,55,54.560001,54.619999,7033400
5/9/2017,54.689999,55.189999,54.630001,55.150002,8332900
5/10/2017,55.220001,55.43,54.860001,55.330002,8517700
5/11/2017,55.25,55.299999,54.41,54.68,13514700
5/12/2017,54.5,55.349998,54.400002,55.32,9107600
5/15/2017,55.080002,55.490002,55.080002,55.400002,10686100
5/16/2017,55.389999,55.98,55.099998,55.950001,9599300
5/17/2017,55.639999,56.080002,55.299999,55.360001,14811300
5/18/2017,55.580002,56.310001,55.02,56.119999,13125300
5/19/2017,56.490002,57.790001,56.200001,57.669998,16643800
5/22/2017,58.389999,59.540001,58.380001,59.279999,20771500
5/23/2017,59.380001,59.889999,59.130001,59.220001,14223400
5/24/2017,59.279999,59.619999,58.57,58.639999,8592600
5/25/2017,58.650002,58.950001,58.259998,58.450001,9556500
5/26/2017,57.66,57.98,57.369999,57.52,8261900
5/30/2017,57.279999,57.740002,57.169998,57.34,11553700
5/31/2017,57.259998,57.73,57,57.27,14082600
6/1/2017,57.450001,58.650002,57.349998,58.619999,11560100
6/2/2017,58.889999,58.959999,58.349998,58.580002,9538000
6/5/2017,58.5,59.049999,58.48,58.860001,7960800
6/6/2017,58.599998,58.91,58.18,58.200001,7871500
6/7/2017,58.299999,58.490002,57.130001,57.529999,10126500
6/8/2017,57.77,58.150002,57.610001,58.119999,10261900
6/9/2017,58.369999,58.490002,56.740002,57.049999,13624800
6/12/2017,56.52,57.68,56.48,57.490002,9985100
6/13/2017,57.950001,58.07,57.5,57.540001,7111500
6/14/2017,57.700001,57.970001,56.669998,57.009998,6740000
6/15/2017,56.419998,57.169998,56.400002,56.93,5416600
6/16/2017,56.98,57.009998,56.349998,56.82,14555600
6/19/2017,56.959999,57.66,56.91,57.610001,7166200
6/20/2017,57.459999,57.610001,56.509998,56.790001,8181600
6/21/2017,56.790001,56.84,56.119999,56.330002,8324900
6/22/2017,56.240002,56.75,56.060001,56.470001,5560100
6/23/2017,56.639999,57.439999,56.57,56.91,11847900
6/26/2017,57.09,57.689999,56.209999,56.560001,7339100
6/27/2017,56.290001,56.330002,55.41,55.43,6814400
6/28/2017,55.400002,56.32,55.18,56.16,7542400
6/29/2017,55.93,55.93,54.549999,55.080002,8456900
6/30/2017,55.599998,55.630001,55.029999,55.220001,8781900
7/3/2017,55.529999,56.02,54.919998,54.950001,4379600
7/5/2017,55.009998,55.560001,54.779999,55.450001,6823800
7/6/2017,55.02,55.23,54.740002,54.790001,5663000
7/7/2017,55.040001,55.73,54.869999,55.349998,5356000
7/10/2017,55.369999,55.889999,55.189999,55.639999,5098100
7/11/2017,55.630001,55.630001,55.02,55.330002,6124900
7/12/2017,55.790001,56.310001,55.720001,56.200001,6126800
7/13/2017,56.380001,56.52,56.169998,56.23,6219200
7/14/2017,56.5,56.93,56.150002,56.810001,4440100
7/17/2017,56.73,56.919998,56.389999,56.459999,5123600
7/18/2017,56.34,56.380001,56,56.290001,7441000
7/19/2017,56.459999,56.939999,56.009998,56.779999,8783700
7/20/2017,55.110001,55.43,53.459999,53.970001,35943900
7/21/2017,53.66,54,53.369999,53.84,12113100
7/24/2017,53.75,53.880001,53.09,53.220001,8832200
7/25/2017,53.200001,53.650002,53.07,53.27,7112100
7/26/2017,53.290001,53.349998,52.740002,53.139999,7581500
7/27/2017,53.080002,53.369999,52.23,52.490002,14069200
7/28/2017,52.27,52.990002,52.27,52.880001,6644300
7/31/2017,53.099998,53.299999,52.75,53.189999,11302700
8/1/2017,53.299999,53.43,52.91,53.41,9372100
8/2/2017,53.299999,53.389999,52.779999,53.169998,23084000
8/3/2017,53.16,53.34,52.75,52.950001,8643500
8/4/2017,53,53,52.509998,52.619999,8677900
8/7/2017,52.5,52.849998,52.490002,52.700001,6561800
8/8/2017,52.549999,53.330002,52.209999,52.290001,10462200
8/9/2017,52.049999,52.799999,52,52.77,8085300
8/10/2017,52.540001,52.75,52.110001,52.34,10768000
8/11/2017,52.389999,53.130001,52.290001,52.720001,5894200
8/14/2017,53.040001,53.639999,52.91,53.549999,8116900
8/15/2017,53.66,54.080002,53.349998,53.869999,7876300
8/16/2017,54.060001,54.099998,53.259998,53.310001,7414900
8/17/2017,53.189999,53.41,52.27,52.27,6589400
8/18/2017,52.259998,52.419998,51.900002,51.919998,6696400
8/21/2017,52,52.080002,51.5,51.98,5205700
8/22/2017,52.209999,52.619999,52.209999,52.349998,4443300
8/23/2017,52.299999,52.41,51.779999,52.23,5259300
8/24/2017,52.369999,52.709999,52.259998,52.490002,6198600
8/25/2017,52.779999,52.849998,52.02,52.029999,8684700
8/28/2017,51.77,51.810001,51.459999,51.810001,4519000
8/29/2017,51.310001,51.860001,51.279999,51.810001,4980900
8/30/2017,52.23,52.290001,51.560001,52.119999,4876200
8/31/2017,52.259998,52.59,52.119999,52.27,8215800
9/1/2017,52.529999,52.77,51.93,52.049999,5301300
9/5/2017,51.860001,51.900002,49.830002,50.029999,17811100
9/6/2017,50.189999,50.77,49.830002,50.450001,16206900
9/7/2017,50.560001,50.689999,50.25,50.380001,10035500
9/8/2017,50.349998,50.450001,48.919998,49.639999,12809400
9/11/2017,49.939999,50.669998,49.91,50.57,7473500
9/12/2017,50.599998,51.07,50.52,50.900002,4526800
9/13/2017,50.799999,51.110001,50.720001,51.009998,6191400
9/14/2017,50.970001,51.59,50.669998,51.48,7741300
9/15/2017,51.950001,52.290001,51.439999,52.189999,13177900
9/18/2017,52.240002,52.369999,51.959999,52.25,6002700
9/19/2017,52.400002,52.5,52.060001,52.299999,5825200
9/20/2017,52.43,52.52,51.48,51.98,8400300
9/21/2017,51.860001,52.200001,51.709999,52.029999,5750600
9/22/2017,51.82,52.23,51.779999,52.09,4105100
9/25/2017,51.900002,52.290001,51.610001,51.619999,8178400
9/26/2017,51.75,51.869999,50.849998,51.130001,9378800
9/27/2017,51.43,51.610001,51.150002,51.549999,8200600
9/28/2017,51.380001,52.040001,51.310001,51.75,5732900
9/29/2017,51.91,52.040001,51.619999,51.84,5371200
10/2/2017,52.09,52.16,51.700001,51.880001,4439200
10/3/2017,51.990002,52.220001,51.650002,52.02,4378000
10/4/2017,51.93,52.119999,51.669998,51.959999,4587700
10/5/2017,52.169998,52.43,51.959999,52.349998,5179100
10/6/2017,52.16,52.630001,52.16,52.490002,4795300
10/9/2017,52.68,52.98,52.380001,52.880001,5817500
10/10/2017,52.950001,53.900002,52.900002,53.869999,8761700
10/11/2017,53.790001,54.380001,53.66,54.119999,9427300
10/12/2017,53.880001,54.18,52.959999,53,7062300
10/13/2017,53.380001,53.380001,52.740002,52.82,7005600
10/16/2017,52.98,53,52.310001,52.380001,5930900
10/17/2017,52.32,52.439999,51.849998,52.41,7662900
10/18/2017,52.540001,52.669998,52.02,52.209999,6032600
10/19/2017,52.029999,52.400002,52.009998,52.290001,6825200
10/20/2017,52.509998,52.59,51.939999,52.02,8845000
10/23/2017,52.299999,53.779999,52.130001,53.389999,9775400
10/24/2017,53.439999,54.439999,53.400002,54.25,11415700
10/25/2017,53.98,54.43,53.48,53.84,7581500
10/26/2017,54.099998,54.389999,53.669998,53.799999,5270800
10/27/2017,53.700001,54.700001,53.360001,54.57,8962400
10/30/2017,54.16,54.77,54.080002,54.66,7081500
10/31/2017,52.259998,52.490002,50.02,51.009998,29914100
11/1/2017,51.470001,53.490002,50.509998,53.459999,15624400
11/2/2017,53.599998,55.68,53.599998,54.84,17337800
11/3/2017,54.759998,64.989998,54.209999,61.810001,80964500
11/6/2017,64.540001,65.330002,62.150002,62.52,58900800
11/7/2017,62.52,64.160004,62.450001,64.099998,23424600
11/8/2017,64.209999,65.790001,64.209999,65.489998,26515400
11/9/2017,64.910004,65.330002,63.93,64.599998,15954900
11/10/2017,64.360001,65.099998,63.919998,64.57,9626200
11/13/2017,64.959999,66.82,64.75,66.489998,24411600
11/14/2017,66.160004,66.800003,65.550003,66,14036700
11/15/2017,65.550003,66.480003,65.239998,65.610001,10565400
11/16/2017,65.769997,66.540001,65.43,66.110001,12339800
11/17/2017,66.370003,66.949997,66,66.720001,13334000
11/20/2017,66.18,66.849998,65.949997,66.470001,9749400
11/21/2017,65.349998,66.93,65.269997,66.669998,11215800
11/22/2017,66.370003,68.260002,66.239998,68.129997,15489400
11/24/2017,68.510002,69.279999,68.449997,68.910004,9233500
11/27/2017,68.599998,68.919998,68.040001,68.139999,20404600
11/28/2017,67.589996,68.410004,67.220001,68.379997,12861300
11/29/2017,68.099998,68.199997,66.029999,66.519997,17022200
11/30/2017,66.510002,67.099998,65.720001,66.339996,15555600
12/1/2017,65.199997,66.120003,64.599998,65.489998,15851100
12/4/2017,65.599998,65.699997,63.799999,64.559998,17325100
12/5/2017,64.849998,65.029999,64.400002,64.690002,9661200
12/6/2017,64.639999,65.68,64.360001,64.980003,6952300
12/7/2017,65.209999,65.550003,64.769997,65.230003,8755000
12/8/2017,65.599998,65.599998,63.880001,64.239998,9371900
12/11/2017,64.059998,65.260002,64,65.18,12185000
12/12/2017,64.879997,65.110001,64.550003,64.860001,7021200
12/13/2017,64.980003,65.43,64.830002,64.900002,6490400
12/14/2017,64.860001,65.169998,64.550003,64.699997,7122000
12/15/2017,65.330002,65.419998,64.5,64.760002,18833000
12/18/2017,64.93,65.459999,64.800003,65.379997,7440900
12/19/2017,65.110001,65.480003,64.43,64.5,7130000
12/20/2017,64.559998,65.169998,64.330002,64.599998,6933600
12/21/2017,64.75,64.959999,64.339996,64.389999,5451100
12/22/2017,64.309998,64.980003,64.300003,64.730003,4444300
12/26/2017,64.489998,64.940002,64.199997,64.300003,4236500
12/27/2017,64.32,64.639999,64.18,64.540001,4899600
12/28/2017,64.690002,64.730003,64.349998,64.379997,2451300
12/29/2017,64.360001,64.650002,64,64.019997,6631800
1/2/2018,64.379997,65.330002,64.169998,65.199997,6329600
1/3/2018,65.220001,66.059998,64.690002,65.940002,6844200
1/4/2018,66.18,66.529999,65.910004,66.029999,5060100
1/5/2018,66.040001,66.599998,65.5,66.470001,5421800
1/8/2018,66.25,66.529999,65.940002,66.269997,4266900
1/9/2018,65.639999,65.860001,64.940002,65.269997,7632300
1/10/2018,65.480003,65.739998,64.879997,65.260002,6569300
1/11/2018,65.199997,65.5,65.139999,65.43,4233100
1/12/2018,65.610001,65.900002,65.080002,65.379997,5007200
1/16/2018,66.230003,68.650002,66.029999,68.25,24478800
1/17/2018,68.519997,68.900002,67.239998,68.019997,12559100
1/18/2018,67.75,68.18,67.489998,68.050003,6797900
1/19/2018,68.040001,68.25,67.75,68.040001,8864300
1/22/2018,67.809998,68.75,67.709999,68.669998,8566200
1/23/2018,68.599998,68.900002,68.239998,68.339996,7825600
1/24/2018,68.199997,68.290001,67.379997,67.980003,12383100
1/25/2018,68.139999,68.370003,67.290001,67.419998,9122200
1/26/2018,67.940002,68.529999,67.599998,68.529999,7919000
1/29/2018,68.160004,68.300003,67.239998,67.32,9745300
1/30/2018,67.43,67.910004,66.730003,66.989998,8059500
1/31/2018,67.550003,68.379997,67.459999,68.25,13915600
